id,first_name,last_name,gender,email,billing_address,shipping_address
1,Florida  ,Home,Male,crandall@live.com,6649 N Blue Gum St,72 Mannix Dr
2,Ebonie  ,Belair,Female,quantaman@me.com,4 B Blue Ridge Blvd,12270 Caton Center Dr
3,Hosea  ,Kordel,Male,osrin@comcast.net,8 W Cerritos Ave #54,749 W 18th St #45
4,Jeramy  ,Maurois,Female,dvdotnet@outlook.com,639 Main St,8 Industry Ln
5,Florence  ,Alavi,Female,keutzer@me.com,34 Center St,1 Huntwood Ave
6,Mia  ,Garner,Female,dsowsy@icloud.com,3 Mcauley Dr,55262 N French Rd
7,Penney  ,Endrenyi,Female,hllam@verizon.net,7 Eads St,422 E 21st St
8,Roberta  ,Biblo,Male,phish@hotmail.com,7 W Jackson Blvd,501 N 19th Ave
9,Dacia  ,James,Female,pajas@live.com,5 Boston Ave #88,455 N Main Ave
10,Vena  ,Garretson,Male,majordick@yahoo.com,228 Runamuck Pl #2808,1844 Southern Blvd
11,Russel  ,Marsischky,Female,manuals@comcast.net,2371 Jerrold Ave,2023 Greg St
12,Allen  ,Barter,Female,scarlet@optonline.net,37275 St Rt 17m M,63381 Jenks Ave
13,Marlon  ,Politser,Female,parrt@me.com,25 E 75th St #69,6651 Municipal Rd
14,Shantae  ,Guseo,Male,debest@verizon.net,98 Connecticut Ave Nw,81 Norris Ave #525
15,Paige  ,Flinck,Male,caronni@optonline.net,56 E Morehead St,6916 W Main St
16,Cheryl  ,Mcginnis,Male,mugwump@att.net,73 State Road 434 E,9635 S Main St
17,Alica  ,Prewitt,Male,jdhedden@yahoo.ca,69734 E Carrillo St,17 Us Highway 111
18,Ayesha  ,Fandel,Female,kobayasi@hotmail.com,322 New Horizon Blvd,992 Civic Center Dr
19,Casey  ,Gilson,Female,bcevc@icloud.com,1 State Route 27,303 N Radcliffe St
20,Linn  ,Finco,Female,shang@live.com,394 Manchester Blvd,73 Saint Ann St #86
21,Davida  ,Bettman,Female,panolex@comcast.net,6 S 33rd St,44 58th St
22,Julianne  ,Rochester,Female,jandrese@live.com,6 Greenleaf Ave,9745 W Main St
23,Joellen  ,Best,Male,lbecchi@verizon.net,618 W Yakima Ave,84 Bloomfield Ave
24,Chung  ,Bolger,Female,hyper@outlook.com,74 S Westgate St,287 Youngstown Warren Rd
25,Monica  ,Veneziano,Female,ilikered@sbcglobal.net,3273 State St,6 Van Buren St
26,Ashly  ,Atwater,Male,hahsler@yahoo.com,1 Central Ave,229 N Forty Driv
27,Rosita  ,Dearborn,Female,geeber@sbcglobal.net,86 Nw 66th St #8673,2887 Knowlton St #5435
28,Elenora  ,Abromson-leeman,Female,tattooman@msn.com,2 Cedar Ave #84,523 Marquette Ave
29,Sina  ,Cassano,Female,ninenine@yahoo.ca,90991 Thorburn Ave,3717 Hamann Industrial Pky
30,Denver  ,Bershadsky,Male,lcheng@comcast.net,386 9th Ave N,3 State Route 35 S
31,Andrew  ,Christo,Female,pplinux@me.com,74874 Atlantic Ave,82 N Highway 67
32,Loren  ,Denzel,Female,moinefou@yahoo.ca,366 South Dr,9 Murfreesboro Rd
33,Vertie  ,Chew-ogi,Female,cliffski@hotmail.com,45 E Liberty St,6 S Broadway St
34,Jenniffer  ,Damp,Female,starstuff@att.net,4 Ralph Ct,6 Harry L Dr #6327
35,John  ,Bier,Male,skajan@icloud.com,2742 Distribution Way,47939 Porter Ave
36,Mariella  ,Hartford,Male,ivo@ibs@comcast.net,426 Wolf St,9 Wales Rd Ne #914
37,Fred  ,Socolow,Female,bjornk@att.net,128 Bransten Rd,195 13n N
38,Alethea  ,Wallach,Female,nogin@verizon.net,17 Morena Blvd,99 Tank Farm Rd
39,Leanora  ,Gallant,Female,pthomsen@yahoo.com,775 W 17th St,4671 Alemany Blvd
40,Carmelo  ,Lopez-alves,Male,raides@att.net,6980 Dorsett Rd,98 University Dr
41,Rex  ,Ebonie  ,Female,lahvak@yahoo.com,2881 Lewis Rd,50 E Wacker Dr
42,Tambra  ,Hosea  ,Male,bonmots@optonline.net,7219 Woodfield Rd,70 Euclid Ave #722
43,Shiela  ,Jeramy  ,Female,ryanvm@hotmail.com,1048 Main St,326 E Main St #6496
44,Niki  ,Florence  ,Female,rgiersig@yahoo.ca,678 3rd Ave,406 Main St
45,Jerry  ,Mia  ,Male,citizenl@mac.com,20 S Babcock St,3 Elmwood Dr
46,Janie  ,Penney  ,Female,kspiteri@me.com,2 Lighthouse Ave,9 Church St
47,Tressie  ,Roberta  ,Female,doormat@yahoo.ca,38938 Park Blvd,9939 N 14th St
48,Lina  ,Dacia  ,Female,inico@live.com,5 Tomahawk Dr,5384 Southwyck Blvd
49,Kaylene  ,Vena  ,Female,jgwang@att.net,762 S Main St,97 Airport Loop Dr
50,Freida  ,Russel  ,Female,codex@optonline.net,209 Decker Dr,37855 Nolan Rd
51,Azalee  ,Allen  ,Female,library@icloud.com,4486 W O St #1,4252 N Washington Ave #9
52,Kareem  ,Marlon  ,Female,dhrakar@live.com,39 S 7th St,42754 S Ash Ave
53,Carmen  ,Shantae  ,Female,kingma@aol.com,98839 Hawthorne Blvd #6101,703 Beville Rd
54,Ariane  ,Paige  ,Female,giafly@live.com,71 San Mateo Ave,5 Harrison Rd
55,Nancee  ,Cheryl  ,Female,satch@yahoo.com,76 Brooks St #9,73 Southern Blvd
56,Otha  ,Alica  ,Female,dieman@att.net,4545 Courthouse Rd,189 Village Park Rd
57,Ashlee  ,Ayesha  ,Female,klaudon@live.com,14288 Foster Ave #4121,6 Middlegate Rd #106
58,Octavia  ,Casey  ,Female,madanm@comcast.net@,4 Otis St,1128 Delaware St
59,Colene  ,Linn  ,Female,jrifkin@yahoo.com,65895 S 16th St,577 Parade St
60,Latosha  ,Davida  ,Female,cfhsoft@live.com,14302 Pennsylvania Ave,70 Mechanic St
61,Antonina  ,Julianne  ,Female,fviegas@mac.com,201 Hawk Ct,4379 Highway 116
62,Dusti  ,Joellen  ,Female,stewwy@hotmail.com,53075 Sw 152nd Ter #615,55 Hawthorne Blvd
63,Chanda  ,Chung  ,Female,scarlet@live.com,59 N Groesbeck Hwy,7116 Western Ave
64,Janyce  ,Monica  ,Male,jbarta@gmail.com,2664 Lewis Rd,2026 N Plankinton Ave #3
65,Mabelle  ,Ashly  ,Female,retoh@mac.com,59 Shady Ln #53,99586 Main St
66,Alysha  ,Rosita  ,Male,techie@aol.com,3305 Nabell Ave #679,8739 Hudson St
67,Evonne  ,Elenora  ,Female,dieman@verizon.net,18 Fountain St,383 Gunderman Rd #197
68,Lorenza  ,Sina  ,Male,amcuri@yahoo.com,7 W 32nd St,4441 Point Term Mkt
69,Magnolia  ,Denver  ,Female,nasarius@hotmail.com,2853 S Central Expy,2972 Lafayette Ave
70,Jillian  ,Andrew  ,Male,jamuir@comcast.net,74 W College St,2140 Diamond Blvd
71,Gisele  ,Loren  ,Female,bastian@hotmail.com,701 S Harrison Rd,93 Redmond Rd #492
72,Onie  ,Vertie  ,Male,bjornk@mac.com,1088 Pinehurst St,3989 Portage Tr
73,Tyson  ,Jenniffer  ,Female,kmiller@yahoo.com,30 W 80th St #1995,1 Midway Rd
74,Pearline  ,John  ,Female,tromey@me.com,20932 Hedley St,77132 Coon Rapids Blvd Nw
75,Modesto  ,Mariella  ,Male,mhassel@att.net,2737 Pistorio Rd #9230,755 Harbor Way
76,Edison  ,Fred  ,Male,uncled@live.com,74989 Brandon St,87 Sierra Rd
77,Maile  ,Alethea  ,Male,donev@sbcglobal.net,6 Kains Ave,7667 S Hulen St #42
78,Francesca  ,Leanora  ,Male,luvirini@msn.com,47565 W Grand Ave,75684 S Withlapopka Dr #32
79,Flor  ,Carmelo  ,Male,gmcgath@att.net,4284 Dorigo Ln,5 Elmwood Park Blvd
80,Lael  ,Gilson,Male,hauma@verizon.net,6794 Lake Dr E,23 Palo Alto Sq
81,Alissa  ,Finco,Male,sblack@att.net,31 Douglas Blvd #950,38062 E Main St
82,Dawn  ,Bettman,Male,hedwig@me.com,44 W 4th St,3958 S Dupont Hwy #7
83,Meg  ,Rochester,Female,vsprintf@outlook.com,11279 Loytan St,560 Civic Center Dr
84,Kaye  ,Best,Female,kourai@optonline.net,69 Marquette Ave,3270 Dequindre Rd
85,Franklyn  ,Bolger,Femaleee,portele@optonline.net,70 W Main St,1 Garfield Ave #7
86,Robt  ,Veneziano,Female,gospodin@msn.com,461 Prospect Pl #316,9122 Carpenter Ave
87,Len  ,Atwater,Female,@chaffar@hotmail.com,47154 Whipple Ave Nw,48 Lenox St
88,Tomoko  ,Dearborn,Female,srour@sbcglobal.net,37 Alabama Ave,5 Little River Tpke
89,Georgiana  ,Abromson-leeman,Female,dhwon@yahoo.ca,3777 E Richmond St #900,3 N Groesbeck Hwy
90,Mirtha  ,Cassano,Maaale,jsbach@aol.com,3 Fort Worth Ave,37 N Elm St #916
91,Dot  ,Bershadsky,Male,bjornk@yahoo.ca,4800 Black Horse Pike,433 Westminster Blvd #590
92,Mathilda  ,Christo,Female,carcus@hotmail.com,83649 W Belmont Ave,66697 Park Pl #3224
93,Isobel  ,Denzel,Female,johnh@aol.com,840 15th Ave,96263 Greenwood Pl
94,Marget  ,Chew-ogi,Female,wortmanj@verizon.net,1747 Calle Amanecer #2,8 Mcarthur Ln
95,Liana  ,Damp,Female,maikelnai@icloud.com,99385 Charity St #840,8 Fair Lawn Ave
96,Vernice  ,Bier,Female,loscar@hotmail.com,68556 Central Hwy,9 N 14th St
97,Jeffery  ,Hartford,Female,munjal@verizon.net,55 Riverside Ave,9 Vanowen St
98,Sherryl  ,Socolow,Male,hling@hotmail.com,7140 University Ave,18 Waterloo Geneva Rd
99,Bobbie  ,Wallach,Male,fhirsch@optonline.net,64 5th Ave #1153,506 S Hacienda Dr
100,Oneida  ,Gallant,Male,lahvak@aol.com,3 Secor Rd,3732 Sherman Ave
101,Eboni  ,Lopez-alves,Male,mugwump@yahoo.com,4 Webbs Chapel Rd,25657 Live Oak St
102,Derek  ,Ebonie  ,Male,nwiger@verizon.net,524 Louisiana Ave Nw,4923 Carey Ave
103,Kathyrn  ,Hosea  ,Male,violinhi@msn.com,185 Blackstone Bldge,3196 S Rider Trl
104,Modesta  ,Jeramy  ,"Male""",leslie@att.net,170 Wyoming Ave,3 Railway Ave #75
105,Lise  ,Florence  ,Female,errxn@live.com,4 10th St W,87393 E Highland Rd
106,Waneta  ,Mia  ,Female,hahsler@hotmail.com,7 W Pinhook Rd,67 E Chestnut Hill Rd
107,Dwight  ,Penney  ,Male,burns@me.com,1 Commerce Way,33 Lewis Rd #46
108,Rosanna  ,Roberta  ,Female,dvdotnet@me.com,64 Lakeview Ave,8100 Jacksonville Rd #7
109,Stephen  ,Dacia  ,Female,kayvonf@comcast.net,3 Aspen St,7 W Wabansia Ave #227
110,Matthew  ,Vena  ,Femeale,sagal@comcast.net@,32860 Sierra Rd,25 Minters Chapel Rd #9
111,Christin  ,Russel  ,Male,yxing@mac.com,555 Main St,6882 Torresdale Ave
112,Patty  ,Allen  ,Female,kdawson@yahoo.com,2 Se 3rd Ave,985 E 6th Ave
113,Ariel  ,Marlon  ,Female,jimmichie@msn.com,2239 Shawnee Mission Pky,7 West Ave #1
114,Naida  ,Shantae  ,Male,gerlo@sbcglobal.net,2726 Charcot Ave,26659 N 13th St
115,Lulu  ,Paige  ,Female,denton@yahoo.com,5161 Dorsett Rd,669 Packerland Dr #1438
116,Keena  ,Cheryl  ,Female,chrisj@sbcglobal.net,55892 Jacksonville Rd,759 Eldora St
117,Kallie  ,Alica  ,Male,marnanel@hotmail.com,5 N Cleveland Massillon Rd,5 S Colorado Blvd #449
118,Phylicia  ,Ayesha  ,Male,matty@yahoo.com,7 Benton Dr,944 Gaither Dr
119,Elvin  ,Casey  ,Male,rddesign@optonline.net,9390 S Howell Ave,66552 Malone Rd
120,Gaston  ,Linn  ,Male,dobey@sbcglobal.net,8 County Center Dr #647,77 Massillon Rd #822
121,Carmella  ,Davida  ,Male,aracne@yahoo.ca,4646 Kaahumanu St,25346 New Rd
122,Berta  ,Julianne  ,Male,yfreund@live.com,2 Monroe St,60 Fillmore Ave
123,Janessa  ,Joellen  ,Male,rsmartin@mac.com,52777 Leaders Heights Rd,57 Haven Ave #90
124,Roselia  ,Gilson,Female,burniske@optonline.net,72868 Blackington Ave,6538 E Pomona St #60
125,Deb  ,Finco,Female,heroine@me.com,9 Norristown Rd,6535 Joyce St
126,Caterina  ,Bettman,Female,dgriffith@mac.com,83 County Road 437 #8581,78112 Morris Ave
127,Billie  ,Rochester,Female,mrdvt@outlook.com,1 N Harlem Ave #9,96950 Hidden Ln
128,Erasmo  ,Best,Male,aaribaud@msn.com,90131 J St,3718 S Main St
129,Roderick  ,Bolger,Male,chlim@sbcglobal.net,8597 W National Ave,9677 Commerce Dr
130,Malissa  ,Veneziano,Male,parkes@yahoo.ca,6 Gilson St,5 Green Pond Rd #4
131,Shonda  ,Atwater,Male,aracne@comcast.net,65 W Maple Ave,636 Commerce Dr #42
132,Stan  ,Dearborn,Male,larry@yahoo.ca,866 34th Ave,42744 Hamann Industrial Pky #82
133,Kanesha  ,Abromson-leeman,Male,gboss@optonline.net,798 Lund Farm Way,1950 5th Ave
134,Bobette  ,Cassano,Male,amcuri@comcast.net,9387 Charcot Ave,61304 N French Rd
135,Eugenio  ,Bershadsky,Female,srour@mac.com,30553 Washington Rd,87 Imperial Ct #79
136,Lillia  ,Christo,Female,xtang@me.com,481 W Lemon St,94 W Dodge Rd
137,Sharonda  ,Denzel,Female,dkeeler@hotmail.com,4 Warehouse Point Rd #7,4 58th St #3519
138,Lucilla  ,Chew-ogi,Female,bdthomas@aol.com,4940 Pulaski Park Dr,5221 Bear Valley Rd
139,Emogene  ,Damp,Female,denton@aol.com,627 Walford Ave,9648 S Main
140,Cherlyn  ,Bier,Female,overbom@outlook.com,137 Pioneer Way,7 S San Marcos Rd
141,Jenni  ,Hartford,Female,philb@sbcglobal.net,61 13 Stoneridge #835,812 S Haven St
142,Rebbeca  ,Socolow,Female,scarlet@comcast.net,2409 Alabama Rd,3882 W Congress St #799
143,Sherron  ,Wallach,Male,engelen@me.com,8927 Vandever Ave,4 E Colonial Dr
144,Omega  ,Gallant,Male,lauronen@gmail.com,134 Lewis Rd,45 2nd Ave #9759
145,Crystle  ,Lopez-alves,Male,boser@yahoo.com,9 N College Ave #3,57254 Brickell Ave #372
146,Morgan  ,Ebonie  ,Male,firstpr@sbcglobal.net,60480 Old Us Highway 51,8977 Connecticut Ave Nw #3
147,Annabell  ,Hosea  ,Male,grady@msn.com,4 Bloomfield Ave,9 Waydell St
148,Henrietta  ,Jeramy  ,Male,bockelboy@yahoo.com,429 Tiger Ln,429 Tiger Ln
149,Malvina  ,Florence  ,Male,tfinniga@yahoo.com,54169 N Main St,54169 N Main St
150,Cheree  ,Mia  ,Female,schwaang@yahoo.com,92 Main St,92 Main St
